{
  "登录" : {
    "transaction" : "登录",
    "sampleCount" : 1200,
    "errorCount" : 0,
    "errorPct" : 0.0,
    "meanResTime" : 286.57833333333275,
    "medianResTime" : 280.0,
    "minResTime" : 254.0,
    "maxResTime" : 565.0,
    "pct1ResTime" : 317.0,
    "pct2ResTime" : 325.95000000000005,
    "pct3ResTime" : 365.98,
    "throughput" : 2.0012374318120036,
    "receivedKBytesPerSec" : 1.1843260582793693,
    "sentKBytesPerSec" : 0.5608936942676221
  },
  "登录接口" : {
    "transaction" : "登录接口",
    "sampleCount" : 1200,
    "errorCount" : 0,
    "errorPct" : 0.0,
    "meanResTime" : 286.57833333333275,
    "medianResTime" : 280.0,
    "minResTime" : 254.0,
    "maxResTime" : 565.0,
    "pct1ResTime" : 317.0,
    "pct2ResTime" : 325.95000000000005,
    "pct3ResTime" : 365.98,
    "throughput" : 2.0014109947512995,
    "receivedKBytesPerSec" : 1.1844287722844606,
    "sentKBytesPerSec" : 0.5609423393492412
  },
  "Total" : {
    "transaction" : "Total",
    "sampleCount" : 3600,
    "errorCount" : 0,
    "errorPct" : 0.0,
    "meanResTime" : 128.81777777777813,
    "medianResTime" : 51.0,
    "minResTime" : 42.0,
    "maxResTime" : 565.0,
    "pct1ResTime" : 293.0,
    "pct2ResTime" : 309.9499999999998,
    "pct3ResTime" : 339.9899999999998,
    "throughput" : 5.953552368935025,
    "receivedKBytesPerSec" : 12.709438943839809,
    "sentKBytesPerSec" : 2.079479717404714
  },
  "查询用户接口" : {
    "transaction" : "查询用户接口",
    "sampleCount" : 2400,
    "errorCount" : 0,
    "errorPct" : 0.0,
    "meanResTime" : 49.937500000000014,
    "medianResTime" : 50.0,
    "minResTime" : 42.0,
    "maxResTime" : 342.0,
    "pct1ResTime" : 53.0,
    "pct2ResTime" : 54.0,
    "pct3ResTime" : 58.0,
    "throughput" : 3.9913653463008365,
    "receivedKBytesPerSec" : 11.599905537686805,
    "sentKBytesPerSec" : 1.5318423643517856
  },
  "查询1次" : {
    "transaction" : "查询1次",
    "sampleCount" : 2400,
    "errorCount" : 0,
    "errorPct" : 0.0,
    "meanResTime" : 49.93750000000001,
    "medianResTime" : 50.0,
    "minResTime" : 42.0,
    "maxResTime" : 342.0,
    "pct1ResTime" : 53.0,
    "pct2ResTime" : 54.0,
    "pct3ResTime" : 58.0,
    "throughput" : 3.9913653463008365,
    "receivedKBytesPerSec" : 11.599905537686805,
    "sentKBytesPerSec" : 1.5318423643517856
  }
}